{
    "value": 0.5369914594106333,
    "peaks": [
        147,
        400,
        653
    ],
    "bounds": [
        [
            410,
            390
        ],
        [
            157,
            137
        ],
        [
            663,
            643
        ]
    ],
    "baseline": 0,
    "type": "HOM",
    "laser rep": 79.05138339920948,
    "integration data": [
        [
            500,
            -500
        ],
        [
            -12150,
            -13150
        ],
        [
            13150,
            12150
        ]
    ],
    "integration span": "1.0"
}