{
    "value": 0.006683082128284691,
    "peaks": [
        151,
        400,
        656
    ],
    "bounds": [
        [
            410,
            390
        ],
        [
            161,
            141
        ],
        [
            666,
            646
        ]
    ],
    "baseline": 0,
    "type": "g2",
    "laser rep": 79.20792079207921,
    "integration data": [
        [
            500,
            -500
        ],
        [
            -11950,
            -12950
        ],
        [
            13300,
            12300
        ]
    ],
    "integration span": "1.0"
}