{
    "value": 0.007693990318316262,
    "peaks": [
        144,
        400,
        650
    ],
    "bounds": [
        [
            410,
            390
        ],
        [
            154,
            134
        ],
        [
            660,
            640
        ]
    ],
    "baseline": 0,
    "type": "g2",
    "laser rep": 79.05138339920948,
    "integration data": [
        [
            500,
            -500
        ],
        [
            -12300,
            -13300
        ],
        [
            13000,
            12000
        ]
    ],
    "integration span": "1.0"
}